{
  "resourceType" : "Bundle",
  "id" : "2ca4d5a4-c4d8-4185-b1c0-3598ceea957d",
  "meta" : {
    "lastUpdated" : "2024-11-18T17:56:55.987+00:00"
  },
  "type" : "collection",
  "entry" : [{
    "fullUrl" : "http://cqframework.org/cpg-example-anc/ValueSet/anc-reason-for-visit-vs",
    "resource" : {
      "resourceType" : "ValueSet",
      "meta" : {
        "profile" : ["http://hl7.org/fhir/uv/cpg/StructureDefinition/cpg-publishablevalueset"]
      },
      "text" : {
        "status" : "generated",
        "div" : "<div xmlns=\"http://www.w3.org/1999/xhtml\"><p class=\"res-header-id\"><b>Generated Narrative: ValueSet </b></p><p style=\"border: black 1px dotted; background-color: #EEEEEE; padding: 8px; margin-bottom: 8px\">Expansion based on <a href=\"CodeSystem-anc-reason-for-visit-cs.html\">codesystem CodeSystem - ANC Reason for Visit v1.0.0 (CodeSystem)</a></p><p>This value set contains 5 concepts</p><table class=\"codes\"><tr><td style=\"white-space:nowrap\"><b>Code</b></td><td><b>System</b></td><td><b>Display</b></td><td><b>Definition</b></td></tr><tr><td style=\"white-space:nowrap\"><a name=\"x-http://cqframework.org/cpg-example-anc/CodeSystem/anc-reason-for-visit-cs-routine\"> </a>\u00a0\u00a0<a href=\"CodeSystem-anc-reason-for-visit-cs.html#anc-reason-for-visit-cs-routine\">routine</a></td><td>http://cqframework.org/cpg-example-anc/CodeSystem/anc-reason-for-visit-cs</td><td>Routine</td><td><div><p>For a scheduled (routine) visit</p>\n</div></td></tr><tr><td style=\"white-space:nowrap\"><a name=\"x-http://cqframework.org/cpg-example-anc/CodeSystem/anc-reason-for-visit-cs-specific-complaint\"> </a>\u00a0\u00a0<a href=\"CodeSystem-anc-reason-for-visit-cs.html#anc-reason-for-visit-cs-specific-complaint\">specific-complaint</a></td><td>http://cqframework.org/cpg-example-anc/CodeSystem/anc-reason-for-visit-cs</td><td>Specific complaint</td><td><div><p>For specific complaints about you or your baby</p>\n</div></td></tr><tr><td style=\"white-space:nowrap\"><a name=\"x-http://cqframework.org/cpg-example-anc/CodeSystem/anc-reason-for-visit-cs-first-visit\"> </a>\u00a0\u00a0<a href=\"CodeSystem-anc-reason-for-visit-cs.html#anc-reason-for-visit-cs-first-visit\">first-visit</a></td><td>http://cqframework.org/cpg-example-anc/CodeSystem/anc-reason-for-visit-cs</td><td>First visit</td><td><div><p>First visit</p>\n</div></td></tr><tr><td style=\"white-space:nowrap\"><a name=\"x-http://cqframework.org/cpg-example-anc/CodeSystem/anc-reason-for-visit-cs-follow-up-visit\"> </a>\u00a0\u00a0<a href=\"CodeSystem-anc-reason-for-visit-cs.html#anc-reason-for-visit-cs-follow-up-visit\">follow-up-visit</a></td><td>http://cqframework.org/cpg-example-anc/CodeSystem/anc-reason-for-visit-cs</td><td>Follow-up visit</td><td><div><p>Follow-up visit</p>\n</div></td></tr><tr><td style=\"white-space:nowrap\"><a name=\"x-http://cqframework.org/cpg-example-anc/CodeSystem/anc-reason-for-visit-cs-include-family-member\"> </a>\u00a0\u00a0<a href=\"CodeSystem-anc-reason-for-visit-cs.html#anc-reason-for-visit-cs-include-family-member\">include-family-member</a></td><td>http://cqframework.org/cpg-example-anc/CodeSystem/anc-reason-for-visit-cs</td><td>Include family member</td><td><div><p>Do you want to include your companion or other family member (parent if adolescent) in the examination and discussion?</p>\n</div></td></tr></table></div>"
      },
      "url" : "http://cqframework.org/cpg-example-anc/ValueSet/anc-reason-for-visit-vs",
      "version" : "1.0.0",
      "name" : "ANCReasonForVisitVS",
      "title" : "ValueSet - ANC Reason for Visit",
      "status" : "active",
      "experimental" : false,
      "date" : "2024-11-18T17:56:55+00:00",
      "jurisdiction" : [{
        "coding" : [{
          "system" : "http://unstats.un.org/unsd/methods/m49/m49.htm",
          "code" : "001",
          "display" : "World"
        }]
      }],
      "expansion" : {
        "identifier" : "urn:uuid:0c50d633-49aa-4889-8558-d4d414568068",
        "timestamp" : "2024-11-18T17:57:11+00:00",
        "total" : 5,
        "offset" : 0,
        "parameter" : [{
          "name" : "count",
          "valueInteger" : 1000
        },
        {
          "name" : "offset",
          "valueInteger" : 0
        },
        {
          "name" : "excludeNested",
          "valueBoolean" : false
        },
        {
          "name" : "warning-experimental",
          "valueUri" : "http://cqframework.org/cpg-example-anc/CodeSystem/anc-reason-for-visit-cs|1.0.0"
        },
        {
          "name" : "used-codesystem",
          "valueUri" : "http://cqframework.org/cpg-example-anc/CodeSystem/anc-reason-for-visit-cs|1.0.0"
        }],
        "contains" : [{
          "system" : "http://cqframework.org/cpg-example-anc/CodeSystem/anc-reason-for-visit-cs",
          "code" : "routine",
          "display" : "Routine"
        },
        {
          "system" : "http://cqframework.org/cpg-example-anc/CodeSystem/anc-reason-for-visit-cs",
          "code" : "specific-complaint",
          "display" : "Specific complaint"
        },
        {
          "system" : "http://cqframework.org/cpg-example-anc/CodeSystem/anc-reason-for-visit-cs",
          "code" : "first-visit",
          "display" : "First visit"
        },
        {
          "system" : "http://cqframework.org/cpg-example-anc/CodeSystem/anc-reason-for-visit-cs",
          "code" : "follow-up-visit",
          "display" : "Follow-up visit"
        },
        {
          "system" : "http://cqframework.org/cpg-example-anc/CodeSystem/anc-reason-for-visit-cs",
          "code" : "include-family-member",
          "display" : "Include family member"
        }]
      }
    }
  }]
}