<?xml version="1.0" encoding="UTF-8"?>

<CodeSystem xmlns="http://hl7.org/fhir">
  <id value="anc-reason-for-visit-cs"/>
  <meta>
    <profile value="http://hl7.org/fhir/uv/cpg/StructureDefinition/cpg-publishablecodesystem"/>
  </meta>
  <text>
    <status value="generated"/><div xmlns="http://www.w3.org/1999/xhtml"><p class="res-header-id"><b>Generated Narrative: CodeSystem anc-reason-for-visit-cs</b></p><a name="anc-reason-for-visit-cs"> </a><a name="hcanc-reason-for-visit-cs"> </a><a name="anc-reason-for-visit-cs-en-US"> </a><p>This case-sensitive code system <code>http://hl7.org/fhir/uv/cpg/antenatalcare/CodeSystem/anc-reason-for-visit-cs</code> defines the following codes:</p><table class="codes"><tr><td style="white-space:nowrap"><b>Code</b></td><td><b>Display</b></td><td><b>Definition</b></td></tr><tr><td style="white-space:nowrap">routine<a name="anc-reason-for-visit-cs-routine"> </a></td><td>Routine</td><td>For a scheduled (routine) visit</td></tr><tr><td style="white-space:nowrap">specific-complaint<a name="anc-reason-for-visit-cs-specific-complaint"> </a></td><td>Specific complaint</td><td>For specific complaints about you or your baby</td></tr><tr><td style="white-space:nowrap">first-visit<a name="anc-reason-for-visit-cs-first-visit"> </a></td><td>First visit</td><td>First visit</td></tr><tr><td style="white-space:nowrap">follow-up-visit<a name="anc-reason-for-visit-cs-follow-up-visit"> </a></td><td>Follow-up visit</td><td>Follow-up visit</td></tr><tr><td style="white-space:nowrap">include-family-member<a name="anc-reason-for-visit-cs-include-family-member"> </a></td><td>Include family member</td><td>Do you want to include your companion or other family member (parent if adolescent) in the examination and discussion?</td></tr></table></div>
  </text>
  <extension url="http://hl7.org/fhir/uv/cpg/StructureDefinition/cpg-knowledgeCapability">
    <valueCode value="shareable"/>
  </extension>
  <extension url="http://hl7.org/fhir/uv/cpg/StructureDefinition/cpg-knowledgeCapability">
    <valueCode value="computable"/>
  </extension>
  <extension url="http://hl7.org/fhir/uv/cpg/StructureDefinition/cpg-knowledgeCapability">
    <valueCode value="publishable"/>
  </extension>
  <extension url="http://hl7.org/fhir/uv/cpg/StructureDefinition/cpg-knowledgeRepresentationLevel">
    <valueCode value="structured"/>
  </extension>
  <url value="http://hl7.org/fhir/uv/cpg/antenatalcare/CodeSystem/anc-reason-for-visit-cs"/>
  <version value="1.0.0"/>
  <name value="ANCReasonForVisitCS"/>
  <title value="CodeSystem - ANC Reason for Visit"/>
  <status value="active"/>
  <experimental value="true"/>
  <date value="2024-11-14T21:29:13+00:00"/>
  <publisher value="HL7 International - Clinical Decision Support WG"/>
  <contact>
    <name value="HL7 International - Clinical Decision Support WG"/>
    <telecom>
      <system value="url"/>
      <value value="http://www.hl7.org/Special/committees/dss/index.cfm"/>
    </telecom>
  </contact>
  <description value="Codes used to identify the reason for an antenatal care visit"/>
  <jurisdiction>
    <coding>
      <system value="http://unstats.un.org/unsd/methods/m49/m49.htm"/>
      <code value="001"/>
      <display value="World"/>
    </coding>
  </jurisdiction>
  <caseSensitive value="true"/>
  <valueSet value="http://hl7.org/fhir/uv/cpg/antenatalcare/ValueSet/anc-reason-for-visit-vs"/>
  <content value="complete"/>
  <count value="5"/>
  <concept>
    <code value="routine"/>
    <display value="Routine"/>
    <definition value="For a scheduled (routine) visit"/>
  </concept>
  <concept>
    <code value="specific-complaint"/>
    <display value="Specific complaint"/>
    <definition value="For specific complaints about you or your baby"/>
  </concept>
  <concept>
    <code value="first-visit"/>
    <display value="First visit"/>
    <definition value="First visit"/>
  </concept>
  <concept>
    <code value="follow-up-visit"/>
    <display value="Follow-up visit"/>
    <definition value="Follow-up visit"/>
  </concept>
  <concept>
    <code value="include-family-member"/>
    <display value="Include family member"/>
    <definition value="Do you want to include your companion or other family member (parent if adolescent) in the examination and discussion?"/>
  </concept>
</CodeSystem>