<?xml version="1.0" encoding="UTF-8"?>

<ValueSet xmlns="http://hl7.org/fhir">
  <id value="anc-reason-for-visit-vs"/>
  <meta>
    <profile value="http://hl7.org/fhir/uv/cpg/StructureDefinition/cpg-publishablevalueset"/>
  </meta>
  <text>
    <status value="generated"/><div xmlns="http://www.w3.org/1999/xhtml"><p class="res-header-id"><b>Generated Narrative: ValueSet anc-reason-for-visit-vs</b></p><a name="anc-reason-for-visit-vs"> </a><a name="hcanc-reason-for-visit-vs"> </a><a name="anc-reason-for-visit-vs-en-US"> </a><ul><li>Include all codes defined in <a href="CodeSystem-anc-reason-for-visit-cs.html"><code>http://cqframework.org/cpg-example-anc/CodeSystem/anc-reason-for-visit-cs</code></a></li></ul></div>
  </text>
  <extension url="http://hl7.org/fhir/uv/cpg/StructureDefinition/cpg-knowledgeCapability">
    <valueCode value="shareable"/>
  </extension>
  <extension url="http://hl7.org/fhir/uv/cpg/StructureDefinition/cpg-knowledgeCapability">
    <valueCode value="computable"/>
  </extension>
  <extension url="http://hl7.org/fhir/uv/cpg/StructureDefinition/cpg-knowledgeCapability">
    <valueCode value="publishable"/>
  </extension>
  <extension url="http://hl7.org/fhir/uv/cpg/StructureDefinition/cpg-knowledgeRepresentationLevel">
    <valueCode value="structured"/>
  </extension>
  <url value="http://cqframework.org/cpg-example-anc/ValueSet/anc-reason-for-visit-vs"/>
  <version value="1.0.0"/>
  <name value="ANCReasonForVisitVS"/>
  <title value="ValueSet - ANC Reason for Visit"/>
  <status value="active"/>
  <experimental value="false"/>
  <date value="2024-11-18T16:40:29+00:00"/>
  <publisher value="HL7 International - Clinical Decision Support WG"/>
  <contact>
    <name value="HL7 International - Clinical Decision Support WG"/>
    <telecom>
      <system value="url"/>
      <value value="http://www.hl7.org/Special/committees/dss/index.cfm"/>
    </telecom>
  </contact>
  <description value="Codes that identify the reason for an antenatal care visit"/>
  <jurisdiction>
    <coding>
      <system value="http://unstats.un.org/unsd/methods/m49/m49.htm"/>
      <code value="001"/>
      <display value="World"/>
    </coding>
  </jurisdiction>
  <compose>
    <include>
      <system value="http://cqframework.org/cpg-example-anc/CodeSystem/anc-reason-for-visit-cs"/>
    </include>
  </compose>
</ValueSet>