<?xml version="1.0" encoding="UTF-8"?><GraphDefinition xmlns="http://hl7.org/fhir"><id value="anc-summary"/><url value="https://cqframework.org/cpg-example-anc/GraphDefinition/anc-summary"/><version value="1.0.0"/><name value="ANCSummary"/><status value="active"/><experimental value="true"/><date value="2024-11-18T16:22:18+00:00"/><publisher value="HL7 International - Clinical Decision Support WG"/><contact><name value="HL7 International - Clinical Decision Support WG"/><telecom><system value="url"/><value value="http://www.hl7.org/Special/committees/dss/index.cfm"/></telecom></contact><description value="Example of a Graph Definition based on ANC guidleines"/><jurisdiction><coding><system value="http://unstats.un.org/unsd/methods/m49/m49.htm"/><code value="001"/><display value="World"/></coding></jurisdiction></GraphDefinition>