<?xml version="1.0" encoding="UTF-8"?><PlanDefinition xmlns="http://hl7.org/fhir"><id value="anc-recommendation-a2"/><url value="http://cqframework.org/cpg-example-anc/PlanDefinition/anc-recommendation-a2"/><identifier><use value="official"/><value value="Recommendation_A2"/></identifier><version value="1.0.0"/><name value="Recommendation_A2"/><title value="PlanDefinition - WHO ANC Guideline Recommendation #A2"/><type><coding><system value="http://terminology.hl7.org/CodeSystem/plan-definition-type"/><code value="eca-rule"/><display value="ECA Rule"/></coding></type><status value="active"/><experimental value="true"/><date value="2024-11-18T17:56:55+00:00"/><publisher value="HL7 International - Clinical Decision Support WG"/><contact><name value="HL7 International - Clinical Decision Support WG"/><telecom><system value="url"/><value value="http://www.hl7.org/Special/committees/dss/index.cfm"/></telecom></contact><description value="Example of a Plan Definition for ANC Recommendation A2.1"/><jurisdiction><coding><system value="http://unstats.un.org/unsd/methods/m49/m49.htm"/><code value="001"/><display value="World"/></coding></jurisdiction><copyright value="© WHO 2019+."/><library value="http://cqframework.org/cpg-example-anc/Library/ANCRecommendationA2"/><action><title value="Iron and Folic Acid Supplementation"/><textEquivalent value="Daily elemental iron should be increased to 120 mg until her Hb concentration rises to normal"/><trigger><type value="named-event"/><name value="anc-contact"/></trigger><condition><kind value="applicability"/><expression><language value="text/cql"/><expression value="Has Anemia"/></expression></condition></action></PlanDefinition>