<?xml version="1.0" encoding="UTF-8"?><PlanDefinition xmlns="http://hl7.org/fhir"><id value="anc-contact-schedule"/><url value="https://cqframework.org/cpg-example-anc/PlanDefinition/anc-contact-schedule"/><identifier><use value="official"/><value value="ANCContactSchedule"/></identifier><version value="1.0.0"/><name value="ANCContactSchedule"/><title value="PlanDefinition - WHO ANC Guideline Contact Schedule"/><type><coding><system value="http://terminology.hl7.org/CodeSystem/plan-definition-type"/><code value="clinical-protocol"/><display value="Clinical Protocol"/></coding></type><status value="active"/><experimental value="true"/><date value="2024-11-18T16:22:18+00:00"/><publisher value="HL7 International - Clinical Decision Support WG"/><contact><name value="HL7 International - Clinical Decision Support WG"/><telecom><system value="url"/><value value="http://www.hl7.org/Special/committees/dss/index.cfm"/></telecom></contact><description value="Example of a Plan Definition Pathway based on the recommended ANC contact schedule"/><useContext><code><system value="http://terminology.hl7.org/CodeSystem/usage-context-type"/><code value="focus"/></code><valueCodeableConcept><coding><system value="http://snomed.info/sct"/><code value="77386006"/><display value="Pregnancy (finding)"/></coding></valueCodeableConcept></useContext><jurisdiction><coding><system value="http://unstats.un.org/unsd/methods/m49/m49.htm"/><code value="001"/><display value="World"/></coding></jurisdiction><copyright value="© WHO 2019+."/><library value="https://cqframework.org/cpg-example-anc/Library/ANCCommon"/><action><title value="Contact 1"/><description value="ANC Contact 1: up to 12 weeks"/><code><coding><system value="http://hl7.org/fhir/uv/cpg/CodeSystem/cpg-common-process-cs"/><code value="guideline-based-care"/></coding></code><condition><kind value="applicability"/><expression><language value="text/cql"/><expression value="Up to 12 weeks gestation"/></expression></condition><participant><type value="patient"/><role><coding><system value="http://hl7.org/fhir/uv/cpg/CodeSystem/cpg-common-persona-cs"/><code value="C000"/><display value="Patient"/></coding></role></participant><participant><type value="practitioner"/><role><coding><system value="http://hl7.org/fhir/uv/cpg/CodeSystem/cpg-common-persona-cs"/><code value="3222"/><display value="Midwifery associate professional"/></coding></role></participant><participant><type value="practitioner"/><role><coding><system value="http://hl7.org/fhir/uv/cpg/CodeSystem/cpg-common-persona-cs"/><code value="2222"/><display value="Midwifery professional"/></coding></role></participant><definitionCanonical value="https://cqframework.org/cpg-example-anc/PlanDefinition/anc-contact"/></action><action><title value="Contact 2"/><description value="ANC Contact 2: 20 weeks"/><code><coding><system value="http://hl7.org/fhir/uv/cpg/CodeSystem/cpg-common-process-cs"/><code value="guideline-based-care"/></coding></code><condition><kind value="applicability"/><expression><language value="text/cql"/><expression value="20 weeks gestation"/></expression></condition><participant><type value="patient"/><role><coding><system value="http://hl7.org/fhir/uv/cpg/CodeSystem/cpg-common-persona-cs"/><code value="C000"/><display value="Patient"/></coding></role></participant><participant><type value="practitioner"/><role><coding><system value="http://hl7.org/fhir/uv/cpg/CodeSystem/cpg-common-persona-cs"/><code value="3222"/><display value="Midwifery associate professional"/></coding></role></participant><participant><type value="practitioner"/><role><coding><system value="http://hl7.org/fhir/uv/cpg/CodeSystem/cpg-common-persona-cs"/><code value="2222"/><display value="Midwifery professional"/></coding></role></participant><definitionCanonical value="https://cqframework.org/cpg-example-anc/PlanDefinition/anc-contact"/></action><action><title value="Contact 3"/><description value="ANC Contact 3: 26 weeks"/><code><coding><system value="http://hl7.org/fhir/uv/cpg/CodeSystem/cpg-common-process-cs"/><code value="guideline-based-care"/></coding></code><condition><kind value="applicability"/><expression><language value="text/cql"/><expression value="26 weeks gestation"/></expression></condition><participant><type value="patient"/><role><coding><system value="http://hl7.org/fhir/uv/cpg/CodeSystem/cpg-common-persona-cs"/><code value="C000"/><display value="Patient"/></coding></role></participant><participant><type value="practitioner"/><role><coding><system value="http://hl7.org/fhir/uv/cpg/CodeSystem/cpg-common-persona-cs"/><code value="3222"/><display value="Midwifery associate professional"/></coding></role></participant><participant><type value="practitioner"/><role><coding><system value="http://hl7.org/fhir/uv/cpg/CodeSystem/cpg-common-persona-cs"/><code value="2222"/><display value="Midwifery professional"/></coding></role></participant><definitionCanonical value="https://cqframework.org/cpg-example-anc/PlanDefinition/anc-contact"/></action><action><title value="Contact 4"/><description value="ANC Contact 4: 30 weeks"/><code><coding><system value="http://hl7.org/fhir/uv/cpg/CodeSystem/cpg-common-process-cs"/><code value="guideline-based-care"/></coding></code><condition><kind value="applicability"/><expression><language value="text/cql"/><expression value="30 weeks gestation"/></expression></condition><participant><type value="patient"/><role><coding><system value="http://hl7.org/fhir/uv/cpg/CodeSystem/cpg-common-persona-cs"/><code value="C000"/><display value="Patient"/></coding></role></participant><participant><type value="practitioner"/><role><coding><system value="http://hl7.org/fhir/uv/cpg/CodeSystem/cpg-common-persona-cs"/><code value="3222"/><display value="Midwifery associate professional"/></coding></role></participant><participant><type value="practitioner"/><role><coding><system value="http://hl7.org/fhir/uv/cpg/CodeSystem/cpg-common-persona-cs"/><code value="2222"/><display value="Midwifery professional"/></coding></role></participant><definitionCanonical value="https://cqframework.org/cpg-example-anc/PlanDefinition/anc-contact"/></action><action><title value="Contact 5"/><description value="ANC Contact 5: 34 weeks"/><code><coding><system value="http://hl7.org/fhir/uv/cpg/CodeSystem/cpg-common-process-cs"/><code value="guideline-based-care"/></coding></code><condition><kind value="applicability"/><expression><language value="text/cql"/><expression value="34 weeks gestation"/></expression></condition><participant><type value="patient"/><role><coding><system value="http://hl7.org/fhir/uv/cpg/CodeSystem/cpg-common-persona-cs"/><code value="C000"/><display value="Patient"/></coding></role></participant><participant><type value="practitioner"/><role><coding><system value="http://hl7.org/fhir/uv/cpg/CodeSystem/cpg-common-persona-cs"/><code value="3222"/><display value="Midwifery associate professional"/></coding></role></participant><participant><type value="practitioner"/><role><coding><system value="http://hl7.org/fhir/uv/cpg/CodeSystem/cpg-common-persona-cs"/><code value="2222"/><display value="Midwifery professional"/></coding></role></participant><definitionCanonical value="https://cqframework.org/cpg-example-anc/PlanDefinition/anc-contact"/></action><action><title value="Contact 6"/><description value="ANC Contact 6: 36 weeks"/><code><coding><system value="http://hl7.org/fhir/uv/cpg/CodeSystem/cpg-common-process-cs"/><code value="guideline-based-care"/></coding></code><condition><kind value="applicability"/><expression><language value="text/cql"/><expression value="36 weeks gestation"/></expression></condition><participant><type value="patient"/><role><coding><system value="http://hl7.org/fhir/uv/cpg/CodeSystem/cpg-common-persona-cs"/><code value="C000"/><display value="Patient"/></coding></role></participant><participant><type value="practitioner"/><role><coding><system value="http://hl7.org/fhir/uv/cpg/CodeSystem/cpg-common-persona-cs"/><code value="3222"/><display value="Midwifery associate professional"/></coding></role></participant><participant><type value="practitioner"/><role><coding><system value="http://hl7.org/fhir/uv/cpg/CodeSystem/cpg-common-persona-cs"/><code value="2222"/><display value="Midwifery professional"/></coding></role></participant><definitionCanonical value="https://cqframework.org/cpg-example-anc/PlanDefinition/anc-contact"/></action><action><title value="Contact 7"/><description value="ANC Contact 7: 38 weeks"/><code><coding><system value="http://hl7.org/fhir/uv/cpg/CodeSystem/cpg-common-process-cs"/><code value="guideline-based-care"/></coding></code><condition><kind value="applicability"/><expression><language value="text/cql"/><expression value="38 weeks gestation"/></expression></condition><participant><type value="patient"/><role><coding><system value="http://hl7.org/fhir/uv/cpg/CodeSystem/cpg-common-persona-cs"/><code value="C000"/><display value="Patient"/></coding></role></participant><participant><type value="practitioner"/><role><coding><system value="http://hl7.org/fhir/uv/cpg/CodeSystem/cpg-common-persona-cs"/><code value="3222"/><display value="Midwifery associate professional"/></coding></role></participant><participant><type value="practitioner"/><role><coding><system value="http://hl7.org/fhir/uv/cpg/CodeSystem/cpg-common-persona-cs"/><code value="2222"/><display value="Midwifery professional"/></coding></role></participant><definitionCanonical value="https://cqframework.org/cpg-example-anc/PlanDefinition/anc-contact"/></action><action><title value="Contact 8"/><description value="ANC Contact 8: 40 weeks"/><code><coding><system value="http://hl7.org/fhir/uv/cpg/CodeSystem/cpg-common-process-cs"/><code value="guideline-based-care"/></coding></code><condition><kind value="applicability"/><expression><language value="text/cql"/><expression value="40 weeks gestation"/></expression></condition><participant><type value="patient"/><role><coding><system value="http://hl7.org/fhir/uv/cpg/CodeSystem/cpg-common-persona-cs"/><code value="C000"/><display value="Patient"/></coding></role></participant><participant><type value="practitioner"/><role><coding><system value="http://hl7.org/fhir/uv/cpg/CodeSystem/cpg-common-persona-cs"/><code value="3222"/><display value="Midwifery associate professional"/></coding></role></participant><participant><type value="practitioner"/><role><coding><system value="http://hl7.org/fhir/uv/cpg/CodeSystem/cpg-common-persona-cs"/><code value="2222"/><display value="Midwifery professional"/></coding></role></participant><definitionCanonical value="https://cqframework.org/cpg-example-anc/PlanDefinition/anc-contact"/></action><action><title value="Delivery"/><description value="ANC Delivery: 41+ weeks"/></action></PlanDefinition>