<?xml version="1.0" encoding="UTF-8"?><PlanDefinition xmlns="http://hl7.org/fhir"><id value="anc-contact"/><url value="http://cqframework.org/cpg-example-anc/PlanDefinition/anc-contact"/><identifier><use value="official"/><value value="ANCContact"/></identifier><version value="1.0.0"/><name value="ANCContact"/><title value="PlanDefinition - WHO ANC Guideline Contact"/><type><coding><system value="http://terminology.hl7.org/CodeSystem/plan-definition-type"/><code value="workflow-definition"/><display value="Workflow Definition"/></coding></type><status value="active"/><experimental value="true"/><date value="2024-11-18T16:40:29+00:00"/><publisher value="HL7 International - Clinical Decision Support WG"/><contact><name value="HL7 International - Clinical Decision Support WG"/><telecom><system value="url"/><value value="http://www.hl7.org/Special/committees/dss/index.cfm"/></telecom></contact><description value="Example of Plan Definition Strategy for an ANC Contact"/><useContext><code><system value="http://terminology.hl7.org/CodeSystem/usage-context-type"/><code value="focus"/></code><valueCodeableConcept><coding><system value="http://snomed.info/sct"/><code value="77386006"/><display value="Pregnancy (finding)"/></coding></valueCodeableConcept></useContext><jurisdiction><coding><system value="http://unstats.un.org/unsd/methods/m49/m49.htm"/><code value="001"/><display value="World"/></coding></jurisdiction><copyright value="© WHO 2019+."/><action><title value="Registration"/><code><coding><system value="http://hl7.org/fhir/uv/cpg/CodeSystem/cpg-common-process-cs"/><code value="registration"/></coding></code><definitionCanonical value="http://hl7.org/fhir/uv/cpg/PlanDefinition/cpg-common-registration"/></action><action><title value="Record health history"/><code><coding><system value="http://hl7.org/fhir/uv/cpg/CodeSystem/cpg-common-process-cs"/><code value="history-and-physical"/></coding></code><action><title value="Record first contact information"/><condition><kind value="applicability"/><expression><language value="text/cql"/><expression value="Is First Contact"/></expression></condition><definitionCanonical value="http://cqframework.org/cpg-example-anc/Questionnaire/anc-first-contact"/></action><action><title value="Record every contact information"/><definitionCanonical value="http://cqframework.org/cpg-example-anc/Questionnaire/anc-every-contact"/></action></action><action><title value="Assess danger signs"/><code><coding><system value="http://hl7.org/fhir/uv/cpg/CodeSystem/cpg-common-process-cs"/><code value="triage"/></coding></code><definitionCanonical value="http://cqframework.org/cpg-example-anc/Questionnaire/anc-quick-check"/></action><action><title value="Assess current pregnancy conditions, including symptoms and lab tests"/><code><coding><system value="http://hl7.org/fhir/uv/cpg/CodeSystem/cpg-common-process-cs"/><code value="diagnostic-testing"/></coding></code></action><action><title value="Case management or referral"/><code><coding><system value="http://hl7.org/fhir/uv/cpg/CodeSystem/cpg-common-process-cs"/><code value="discharge-referral-of-patient"/></coding></code></action><action><title value="Schedule follow-up visit"/><code><coding><system value="http://hl7.org/fhir/uv/cpg/CodeSystem/cpg-common-process-cs"/><code value="monitor-and-follow-up-of-patient"/></coding></code></action></PlanDefinition>