[
  {
    "id" : "cqframework.cpg-example-anc",
    "type" : "ImplementationGuide",
    "url" : "http://github.com/cqframework/cpg-example-anc//ImplementationGuide/cqframework.cpg-example-anc",
    "version" : "1.0.0",
    "name" : "CPGExampleAntenatalCareGuidelines"
  },
  {
    "id" : "anc-reason-for-visit-cs",
    "type" : "CodeSystem",
    "url" : "http://hl7.org/fhir/uv/cpg/antenatalcare/CodeSystem/anc-reason-for-visit-cs",
    "version" : "1.0.0",
    "name" : "ANCReasonForVisitCS"
  },
  {
    "id" : "anc-summary",
    "type" : "GraphDefinition",
    "url" : "http://hl7.org/fhir/uv/cpg/antenatalcare/GraphDefinition/anc-summary",
    "version" : "1.0.0",
    "name" : "ANCSummary"
  },
  {
    "id" : "ANCCommon",
    "type" : "Library",
    "url" : "http://hl7.org/fhir/uv/cpg/antenatalcare/Library/ANCCommon",
    "version" : "1.0.0",
    "name" : "ANCCommon"
  },
  {
    "id" : "ANCRecommendationA2",
    "type" : "Library",
    "url" : "http://hl7.org/fhir/uv/cpg/antenatalcare/Library/ANCRecommendationA2",
    "version" : "1.0.0",
    "name" : "ANCRecommendationA2"
  },
  {
    "id" : "anc-contact",
    "type" : "PlanDefinition",
    "url" : "http://hl7.org/fhir/uv/cpg/antenatalcare/PlanDefinition/anc-contact",
    "version" : "1.0.0",
    "name" : "ANCContact"
  },
  {
    "id" : "anc-contact-schedule",
    "type" : "PlanDefinition",
    "url" : "http://hl7.org/fhir/uv/cpg/antenatalcare/PlanDefinition/anc-contact-schedule",
    "version" : "1.0.0",
    "name" : "ANCContactSchedule"
  },
  {
    "id" : "anc-recommendation-a2",
    "type" : "PlanDefinition",
    "url" : "http://hl7.org/fhir/uv/cpg/antenatalcare/PlanDefinition/anc-recommendation-a2",
    "version" : "1.0.0",
    "name" : "Recommendation_A2"
  },
  {
    "id" : "anc-every-contact",
    "type" : "Questionnaire",
    "url" : "http://hl7.org/fhir/uv/cpg/antenatalcare/Questionnaire/anc-every-contact",
    "version" : "1.0.0",
    "name" : "ANCEveryContact"
  },
  {
    "id" : "anc-first-contact",
    "type" : "Questionnaire",
    "url" : "http://hl7.org/fhir/uv/cpg/antenatalcare/Questionnaire/anc-first-contact",
    "version" : "1.0.0",
    "name" : "ANCFirstContact"
  },
  {
    "id" : "anc-quick-check",
    "type" : "Questionnaire",
    "url" : "http://hl7.org/fhir/uv/cpg/antenatalcare/Questionnaire/anc-quick-check",
    "version" : "1.0.0",
    "name" : "ANCQuickCheck"
  },
  {
    "id" : "anc-reason-for-visit-vs",
    "type" : "ValueSet",
    "url" : "http://hl7.org/fhir/uv/cpg/antenatalcare/ValueSet/anc-reason-for-visit-vs",
    "version" : "1.0.0",
    "name" : "ANCReasonForVisitVS"
  }
]
