<?xml version="1.0" encoding="UTF-8"?>

<Condition xmlns="http://hl7.org/fhir">
  <id value="condition-ra2-iron-side-effects"/>
  <meta>
    <versionId value="1"/>
    <lastUpdated value="2019-05-15T10:37:24.287+00:00"/>
  </meta>
  <text>
    <status value="generated"/><div xmlns="http://www.w3.org/1999/xhtml"><p class="res-header-id"><b>Generated Narrative: Condition condition-ra2-iron-side-effects</b></p><a name="condition-ra2-iron-side-effects"> </a><a name="hccondition-ra2-iron-side-effects"> </a><a name="condition-ra2-iron-side-effects-en-US"> </a><div style="display: inline-block; background-color: #d9e0e7; padding: 6px; margin: 4px; border: 1px solid #8da1b4; border-radius: 5px; line-height: 60%"><p style="margin-bottom: 0px">version: 1; Last updated: 2019-05-15 10:37:24+0000</p></div><p><b>category</b>: <span title="Codes:{http://snomed.info/sct 14657009}">Diagnosis</span></p><p><b>severity</b>: <span title="Codes:{http://snomed.info/sct 6736007}">moderate</span></p><p><b>code</b>: <span title="Codes:{http://openmrs.org/concepts 165273AAAAAAAAAAAAAAAAAAAAAAAAAAAAAA}">Iron side effects</span></p><p><b>subject</b>: <a href="Patient-patient-anc-ra2.html">Grace Taylor(official) Female, DoB: 1997-05-15 ( http://clinfhir.com/fhir/NamingSystem/identifier#patient-anc-ra2)</a></p><p><b>onset</b>: 15 a<span style="background: LightGoldenRodYellow"> (Details: UCUM  codea = 'a')</span></p></div>
  </text>
  <category>
    <coding>
      <system value="http://snomed.info/sct"/>
      <code value="14657009"/>
      <display value="Established diagnosis"/>
    </coding>
    <text value="Diagnosis"/>
  </category>
  <severity>
    <coding>
      <system value="http://snomed.info/sct"/>
      <code value="6736007"/>
      <display value="Moderate severity"/>
    </coding>
    <text value="moderate"/>
  </severity>
  <code>
    <coding>
      <system value="http://openmrs.org/concepts"/>
      <code value="165273AAAAAAAAAAAAAAAAAAAAAAAAAAAAAA"/>
      <display value="Iron side effects"/>
    </coding>
    <text value="Iron side effects"/>
  </code>
  <subject>
    <reference value="Patient/patient-anc-ra2"/>
  </subject>
  <onsetAge>
    <value value="15"/>
    <system value="http://unitsofmeasure.org"/>
    <code value="a"/>
  </onsetAge>
</Condition>