<?xml version="1.0" encoding="UTF-8"?>

<Observation xmlns="http://hl7.org/fhir">
  <id value="observation-anc-ra2-hb-concentration"/>
  <meta>
    <versionId value="1"/>
    <lastUpdated value="2019-05-15T10:56:36.425+00:00"/>
  </meta>
  <text>
    <status value="generated"/><div xmlns="http://www.w3.org/1999/xhtml"><p class="res-header-id"><b>Generated Narrative: Observation observation-anc-ra2-hb-concentration</b></p><a name="observation-anc-ra2-hb-concentration"> </a><a name="hcobservation-anc-ra2-hb-concentration"> </a><a name="observation-anc-ra2-hb-concentration-en-US"> </a><div style="display: inline-block; background-color: #d9e0e7; padding: 6px; margin: 4px; border: 1px solid #8da1b4; border-radius: 5px; line-height: 60%"><p style="margin-bottom: 0px">version: 1; Last updated: 2019-05-15 10:56:36+0000</p></div><p><b>status</b>: Final</p><p><b>code</b>: <span title="Codes:{http://openmrs.org/concepts 165395AAAAAAAAAAAAAAAAAAAAAAAAAAAAAA}">Haemoglobin measured from haemoglobinometer (g/dl)</span></p><p><b>subject</b>: <a href="Patient-patient-anc-ra2.html">Grace Taylor(official) Female, DoB: 1997-05-15 ( http://clinfhir.com/fhir/NamingSystem/identifier#patient-anc-ra2)</a></p><p><b>effective</b>: 2019-05-01 12:37:23+0200</p><p><b>value</b>: 10.2 g/dL<span style="background: LightGoldenRodYellow"> (Details: UCUM  codeg/dL = 'g/dL')</span></p></div>
  </text>
  <status value="final"/>
  <code>
    <coding>
      <system value="http://openmrs.org/concepts"/>
      <code value="165395AAAAAAAAAAAAAAAAAAAAAAAAAAAAAA"/>
    </coding>
    <text value="Haemoglobin measured from haemoglobinometer (g/dl)"/>
  </code>
  <subject>
    <reference value="Patient/patient-anc-ra2"/>
  </subject>
  <effectiveDateTime value="2019-05-01T12:37:23+02:00"/>
  <valueQuantity>
    <value value="10.2"/>
    <unit value="g/dL"/>
    <system value="http://unitsofmeasure.org"/>
    <code value="g/dL"/>
  </valueQuantity>
</Observation>