<?xml version="1.0" encoding="UTF-8"?>

<PlanDefinition xmlns="http://hl7.org/fhir">
  <id value="anc-contact-schedule"/>
  <text>
    <status value="generated"/><div xmlns="http://www.w3.org/1999/xhtml"><p class="res-header-id"><b>Generated Narrative: PlanDefinition anc-contact-schedule</b></p><a name="anc-contact-schedule"> </a><a name="hcanc-contact-schedule"> </a><a name="anc-contact-schedule-en-US"> </a><p><b>url</b>: <a href="PlanDefinition-anc-contact-schedule.html">PlanDefinition PlanDefinition - WHO ANC Guideline Contact Schedule</a></p><p><b>identifier</b>: ANCContactSchedule (use: official, )</p><p><b>version</b>: 1.0.0</p><p><b>name</b>: ANCContactSchedule</p><p><b>title</b>: PlanDefinition - WHO ANC Guideline Contact Schedule</p><p><b>type</b>: <span title="Codes:{http://terminology.hl7.org/CodeSystem/plan-definition-type clinical-protocol}">Clinical Protocol</span></p><p><b>status</b>: Active</p><p><b>experimental</b>: true</p><p><b>date</b>: 2024-11-18 17:56:55+0000</p><p><b>publisher</b>: HL7 International - Clinical Decision Support WG</p><p><b>contact</b>: HL7 International - Clinical Decision Support WG: <a href="http://www.hl7.org/Special/committees/dss/index.cfm">http://www.hl7.org/Special/committees/dss/index.cfm</a></p><p><b>description</b>: </p><div><p>Example of a Plan Definition Pathway based on the recommended ANC contact schedule</p>
</div><h3>UseContexts</h3><table class="grid"><tr><td style="display: none">-</td><td><b>Code</b></td><td><b>Value[x]</b></td></tr><tr><td style="display: none">*</td><td><a href="http://terminology.hl7.org/6.0.2/CodeSystem-usage-context-type.html#usage-context-type-focus">UsageContextType focus</a>: Clinical Focus</td><td><span title="Codes:{http://snomed.info/sct 77386006}">Pregnancy (finding)</span></td></tr></table><p><b>jurisdiction</b>: <span title="Codes:{http://unstats.un.org/unsd/methods/m49/m49.htm 001}">World</span></p><p><b>copyright</b>: </p><div><p>© WHO 2019+.</p>
</div><p><b>library</b>: <a href="Library-ANCCommon.html">WHO Antenatal Care Guidelines Common Logic</a></p><blockquote><p><b>action</b></p><p><b>title</b>: Contact 1</p><p><b>description</b>: ANC Contact 1: up to 12 weeks</p><p><b>code</b>: <span title="Codes:{http://hl7.org/fhir/uv/cpg/CodeSystem/cpg-common-process-cs guideline-based-care}">Guideline-based Care</span></p><blockquote><p><b>condition</b></p><p><b>kind</b>: Applicability</p><h3>Expressions</h3><table class="grid"><tr><td style="display: none">-</td><td><b>Language</b></td><td><b>Expression</b></td></tr><tr><td style="display: none">*</td><td>CQL</td><td>Up to 12 weeks gestation</td></tr></table></blockquote><blockquote><p><b>participant</b></p><p><b>type</b>: Patient</p><p><b>role</b>: <span title="Codes:{http://hl7.org/fhir/uv/cpg/CodeSystem/cpg-common-persona-cs C000}">Patient</span></p></blockquote><blockquote><p><b>participant</b></p><p><b>type</b>: Practitioner</p><p><b>role</b>: <span title="Codes:{http://hl7.org/fhir/uv/cpg/CodeSystem/cpg-common-persona-cs 3222}">Midwifery associate professional</span></p></blockquote><blockquote><p><b>participant</b></p><p><b>type</b>: Practitioner</p><p><b>role</b>: <span title="Codes:{http://hl7.org/fhir/uv/cpg/CodeSystem/cpg-common-persona-cs 2222}">Midwifery professional</span></p></blockquote><p><b>definition</b>: <a href="PlanDefinition-anc-contact.html">PlanDefinition - WHO ANC Guideline Contact</a></p></blockquote><blockquote><p><b>action</b></p><p><b>title</b>: Contact 2</p><p><b>description</b>: ANC Contact 2: 20 weeks</p><p><b>code</b>: <span title="Codes:{http://hl7.org/fhir/uv/cpg/CodeSystem/cpg-common-process-cs guideline-based-care}">Guideline-based Care</span></p><blockquote><p><b>condition</b></p><p><b>kind</b>: Applicability</p><h3>Expressions</h3><table class="grid"><tr><td style="display: none">-</td><td><b>Language</b></td><td><b>Expression</b></td></tr><tr><td style="display: none">*</td><td>CQL</td><td>20 weeks gestation</td></tr></table></blockquote><blockquote><p><b>participant</b></p><p><b>type</b>: Patient</p><p><b>role</b>: <span title="Codes:{http://hl7.org/fhir/uv/cpg/CodeSystem/cpg-common-persona-cs C000}">Patient</span></p></blockquote><blockquote><p><b>participant</b></p><p><b>type</b>: Practitioner</p><p><b>role</b>: <span title="Codes:{http://hl7.org/fhir/uv/cpg/CodeSystem/cpg-common-persona-cs 3222}">Midwifery associate professional</span></p></blockquote><blockquote><p><b>participant</b></p><p><b>type</b>: Practitioner</p><p><b>role</b>: <span title="Codes:{http://hl7.org/fhir/uv/cpg/CodeSystem/cpg-common-persona-cs 2222}">Midwifery professional</span></p></blockquote><p><b>definition</b>: <a href="PlanDefinition-anc-contact.html">PlanDefinition - WHO ANC Guideline Contact</a></p></blockquote><blockquote><p><b>action</b></p><p><b>title</b>: Contact 3</p><p><b>description</b>: ANC Contact 3: 26 weeks</p><p><b>code</b>: <span title="Codes:{http://hl7.org/fhir/uv/cpg/CodeSystem/cpg-common-process-cs guideline-based-care}">Guideline-based Care</span></p><blockquote><p><b>condition</b></p><p><b>kind</b>: Applicability</p><h3>Expressions</h3><table class="grid"><tr><td style="display: none">-</td><td><b>Language</b></td><td><b>Expression</b></td></tr><tr><td style="display: none">*</td><td>CQL</td><td>26 weeks gestation</td></tr></table></blockquote><blockquote><p><b>participant</b></p><p><b>type</b>: Patient</p><p><b>role</b>: <span title="Codes:{http://hl7.org/fhir/uv/cpg/CodeSystem/cpg-common-persona-cs C000}">Patient</span></p></blockquote><blockquote><p><b>participant</b></p><p><b>type</b>: Practitioner</p><p><b>role</b>: <span title="Codes:{http://hl7.org/fhir/uv/cpg/CodeSystem/cpg-common-persona-cs 3222}">Midwifery associate professional</span></p></blockquote><blockquote><p><b>participant</b></p><p><b>type</b>: Practitioner</p><p><b>role</b>: <span title="Codes:{http://hl7.org/fhir/uv/cpg/CodeSystem/cpg-common-persona-cs 2222}">Midwifery professional</span></p></blockquote><p><b>definition</b>: <a href="PlanDefinition-anc-contact.html">PlanDefinition - WHO ANC Guideline Contact</a></p></blockquote><blockquote><p><b>action</b></p><p><b>title</b>: Contact 4</p><p><b>description</b>: ANC Contact 4: 30 weeks</p><p><b>code</b>: <span title="Codes:{http://hl7.org/fhir/uv/cpg/CodeSystem/cpg-common-process-cs guideline-based-care}">Guideline-based Care</span></p><blockquote><p><b>condition</b></p><p><b>kind</b>: Applicability</p><h3>Expressions</h3><table class="grid"><tr><td style="display: none">-</td><td><b>Language</b></td><td><b>Expression</b></td></tr><tr><td style="display: none">*</td><td>CQL</td><td>30 weeks gestation</td></tr></table></blockquote><blockquote><p><b>participant</b></p><p><b>type</b>: Patient</p><p><b>role</b>: <span title="Codes:{http://hl7.org/fhir/uv/cpg/CodeSystem/cpg-common-persona-cs C000}">Patient</span></p></blockquote><blockquote><p><b>participant</b></p><p><b>type</b>: Practitioner</p><p><b>role</b>: <span title="Codes:{http://hl7.org/fhir/uv/cpg/CodeSystem/cpg-common-persona-cs 3222}">Midwifery associate professional</span></p></blockquote><blockquote><p><b>participant</b></p><p><b>type</b>: Practitioner</p><p><b>role</b>: <span title="Codes:{http://hl7.org/fhir/uv/cpg/CodeSystem/cpg-common-persona-cs 2222}">Midwifery professional</span></p></blockquote><p><b>definition</b>: <a href="PlanDefinition-anc-contact.html">PlanDefinition - WHO ANC Guideline Contact</a></p></blockquote><blockquote><p><b>action</b></p><p><b>title</b>: Contact 5</p><p><b>description</b>: ANC Contact 5: 34 weeks</p><p><b>code</b>: <span title="Codes:{http://hl7.org/fhir/uv/cpg/CodeSystem/cpg-common-process-cs guideline-based-care}">Guideline-based Care</span></p><blockquote><p><b>condition</b></p><p><b>kind</b>: Applicability</p><h3>Expressions</h3><table class="grid"><tr><td style="display: none">-</td><td><b>Language</b></td><td><b>Expression</b></td></tr><tr><td style="display: none">*</td><td>CQL</td><td>34 weeks gestation</td></tr></table></blockquote><blockquote><p><b>participant</b></p><p><b>type</b>: Patient</p><p><b>role</b>: <span title="Codes:{http://hl7.org/fhir/uv/cpg/CodeSystem/cpg-common-persona-cs C000}">Patient</span></p></blockquote><blockquote><p><b>participant</b></p><p><b>type</b>: Practitioner</p><p><b>role</b>: <span title="Codes:{http://hl7.org/fhir/uv/cpg/CodeSystem/cpg-common-persona-cs 3222}">Midwifery associate professional</span></p></blockquote><blockquote><p><b>participant</b></p><p><b>type</b>: Practitioner</p><p><b>role</b>: <span title="Codes:{http://hl7.org/fhir/uv/cpg/CodeSystem/cpg-common-persona-cs 2222}">Midwifery professional</span></p></blockquote><p><b>definition</b>: <a href="PlanDefinition-anc-contact.html">PlanDefinition - WHO ANC Guideline Contact</a></p></blockquote><blockquote><p><b>action</b></p><p><b>title</b>: Contact 6</p><p><b>description</b>: ANC Contact 6: 36 weeks</p><p><b>code</b>: <span title="Codes:{http://hl7.org/fhir/uv/cpg/CodeSystem/cpg-common-process-cs guideline-based-care}">Guideline-based Care</span></p><blockquote><p><b>condition</b></p><p><b>kind</b>: Applicability</p><h3>Expressions</h3><table class="grid"><tr><td style="display: none">-</td><td><b>Language</b></td><td><b>Expression</b></td></tr><tr><td style="display: none">*</td><td>CQL</td><td>36 weeks gestation</td></tr></table></blockquote><blockquote><p><b>participant</b></p><p><b>type</b>: Patient</p><p><b>role</b>: <span title="Codes:{http://hl7.org/fhir/uv/cpg/CodeSystem/cpg-common-persona-cs C000}">Patient</span></p></blockquote><blockquote><p><b>participant</b></p><p><b>type</b>: Practitioner</p><p><b>role</b>: <span title="Codes:{http://hl7.org/fhir/uv/cpg/CodeSystem/cpg-common-persona-cs 3222}">Midwifery associate professional</span></p></blockquote><blockquote><p><b>participant</b></p><p><b>type</b>: Practitioner</p><p><b>role</b>: <span title="Codes:{http://hl7.org/fhir/uv/cpg/CodeSystem/cpg-common-persona-cs 2222}">Midwifery professional</span></p></blockquote><p><b>definition</b>: <a href="PlanDefinition-anc-contact.html">PlanDefinition - WHO ANC Guideline Contact</a></p></blockquote><blockquote><p><b>action</b></p><p><b>title</b>: Contact 7</p><p><b>description</b>: ANC Contact 7: 38 weeks</p><p><b>code</b>: <span title="Codes:{http://hl7.org/fhir/uv/cpg/CodeSystem/cpg-common-process-cs guideline-based-care}">Guideline-based Care</span></p><blockquote><p><b>condition</b></p><p><b>kind</b>: Applicability</p><h3>Expressions</h3><table class="grid"><tr><td style="display: none">-</td><td><b>Language</b></td><td><b>Expression</b></td></tr><tr><td style="display: none">*</td><td>CQL</td><td>38 weeks gestation</td></tr></table></blockquote><blockquote><p><b>participant</b></p><p><b>type</b>: Patient</p><p><b>role</b>: <span title="Codes:{http://hl7.org/fhir/uv/cpg/CodeSystem/cpg-common-persona-cs C000}">Patient</span></p></blockquote><blockquote><p><b>participant</b></p><p><b>type</b>: Practitioner</p><p><b>role</b>: <span title="Codes:{http://hl7.org/fhir/uv/cpg/CodeSystem/cpg-common-persona-cs 3222}">Midwifery associate professional</span></p></blockquote><blockquote><p><b>participant</b></p><p><b>type</b>: Practitioner</p><p><b>role</b>: <span title="Codes:{http://hl7.org/fhir/uv/cpg/CodeSystem/cpg-common-persona-cs 2222}">Midwifery professional</span></p></blockquote><p><b>definition</b>: <a href="PlanDefinition-anc-contact.html">PlanDefinition - WHO ANC Guideline Contact</a></p></blockquote><blockquote><p><b>action</b></p><p><b>title</b>: Contact 8</p><p><b>description</b>: ANC Contact 8: 40 weeks</p><p><b>code</b>: <span title="Codes:{http://hl7.org/fhir/uv/cpg/CodeSystem/cpg-common-process-cs guideline-based-care}">Guideline-based Care</span></p><blockquote><p><b>condition</b></p><p><b>kind</b>: Applicability</p><h3>Expressions</h3><table class="grid"><tr><td style="display: none">-</td><td><b>Language</b></td><td><b>Expression</b></td></tr><tr><td style="display: none">*</td><td>CQL</td><td>40 weeks gestation</td></tr></table></blockquote><blockquote><p><b>participant</b></p><p><b>type</b>: Patient</p><p><b>role</b>: <span title="Codes:{http://hl7.org/fhir/uv/cpg/CodeSystem/cpg-common-persona-cs C000}">Patient</span></p></blockquote><blockquote><p><b>participant</b></p><p><b>type</b>: Practitioner</p><p><b>role</b>: <span title="Codes:{http://hl7.org/fhir/uv/cpg/CodeSystem/cpg-common-persona-cs 3222}">Midwifery associate professional</span></p></blockquote><blockquote><p><b>participant</b></p><p><b>type</b>: Practitioner</p><p><b>role</b>: <span title="Codes:{http://hl7.org/fhir/uv/cpg/CodeSystem/cpg-common-persona-cs 2222}">Midwifery professional</span></p></blockquote><p><b>definition</b>: <a href="PlanDefinition-anc-contact.html">PlanDefinition - WHO ANC Guideline Contact</a></p></blockquote><blockquote><p><b>action</b></p><p><b>title</b>: Delivery</p><p><b>description</b>: ANC Delivery: 41+ weeks</p></blockquote></div>
  </text>
  <url value="http://cqframework.org/cpg-example-anc/PlanDefinition/anc-contact-schedule"/>
  <identifier>
    <use value="official"/>
    <value value="ANCContactSchedule"/>
  </identifier>
  <version value="1.0.0"/>
  <name value="ANCContactSchedule"/>
  <title value="PlanDefinition - WHO ANC Guideline Contact Schedule"/>
  <type>
    <coding>
      <system value="http://terminology.hl7.org/CodeSystem/plan-definition-type"/>
      <code value="clinical-protocol"/>
      <display value="Clinical Protocol"/>
    </coding>
  </type>
  <status value="active"/>
  <experimental value="true"/>
  <date value="2024-11-18T17:56:55+00:00"/>
  <publisher value="HL7 International - Clinical Decision Support WG"/>
  <contact>
    <name value="HL7 International - Clinical Decision Support WG"/>
    <telecom>
      <system value="url"/>
      <value value="http://www.hl7.org/Special/committees/dss/index.cfm"/>
    </telecom>
  </contact>
  <description value="Example of a Plan Definition Pathway based on the recommended ANC contact schedule"/>
  <useContext>
    <code>
      <system value="http://terminology.hl7.org/CodeSystem/usage-context-type"/>
      <code value="focus"/>
    </code>
    <valueCodeableConcept>
      <coding>
        <system value="http://snomed.info/sct"/>
        <code value="77386006"/>
        <display value="Pregnancy (finding)"/>
      </coding>
    </valueCodeableConcept>
  </useContext>
  <jurisdiction>
    <coding>
      <system value="http://unstats.un.org/unsd/methods/m49/m49.htm"/>
      <code value="001"/>
      <display value="World"/>
    </coding>
  </jurisdiction>
  <copyright value="© WHO 2019+."/>
  <library value="http://cqframework.org/cpg-example-anc/Library/ANCCommon"/>
  <action>
    <title value="Contact 1"/>
    <description value="ANC Contact 1: up to 12 weeks"/>
    <code>
      <coding>
        <system value="http://hl7.org/fhir/uv/cpg/CodeSystem/cpg-common-process-cs"/>
        <code value="guideline-based-care"/>
      </coding>
    </code>
    <condition>
      <kind value="applicability"/>
      <expression>
        <language value="text/cql"/>
        <expression value="Up to 12 weeks gestation"/>
      </expression>
    </condition>
    <participant>
      <type value="patient"/>
      <role>
        <coding>
          <system value="http://hl7.org/fhir/uv/cpg/CodeSystem/cpg-common-persona-cs"/>
          <code value="C000"/>
          <display value="Patient"/>
        </coding>
      </role>
    </participant>
    <participant>
      <type value="practitioner"/>
      <role>
        <coding>
          <system value="http://hl7.org/fhir/uv/cpg/CodeSystem/cpg-common-persona-cs"/>
          <code value="3222"/>
          <display value="Midwifery associate professional"/>
        </coding>
      </role>
    </participant>
    <participant>
      <type value="practitioner"/>
      <role>
        <coding>
          <system value="http://hl7.org/fhir/uv/cpg/CodeSystem/cpg-common-persona-cs"/>
          <code value="2222"/>
          <display value="Midwifery professional"/>
        </coding>
      </role>
    </participant>
    <definitionCanonical value="http://cqframework.org/cpg-example-anc/PlanDefinition/anc-contact"/>
  </action>
  <action>
    <title value="Contact 2"/>
    <description value="ANC Contact 2: 20 weeks"/>
    <code>
      <coding>
        <system value="http://hl7.org/fhir/uv/cpg/CodeSystem/cpg-common-process-cs"/>
        <code value="guideline-based-care"/>
      </coding>
    </code>
    <condition>
      <kind value="applicability"/>
      <expression>
        <language value="text/cql"/>
        <expression value="20 weeks gestation"/>
      </expression>
    </condition>
    <participant>
      <type value="patient"/>
      <role>
        <coding>
          <system value="http://hl7.org/fhir/uv/cpg/CodeSystem/cpg-common-persona-cs"/>
          <code value="C000"/>
          <display value="Patient"/>
        </coding>
      </role>
    </participant>
    <participant>
      <type value="practitioner"/>
      <role>
        <coding>
          <system value="http://hl7.org/fhir/uv/cpg/CodeSystem/cpg-common-persona-cs"/>
          <code value="3222"/>
          <display value="Midwifery associate professional"/>
        </coding>
      </role>
    </participant>
    <participant>
      <type value="practitioner"/>
      <role>
        <coding>
          <system value="http://hl7.org/fhir/uv/cpg/CodeSystem/cpg-common-persona-cs"/>
          <code value="2222"/>
          <display value="Midwifery professional"/>
        </coding>
      </role>
    </participant>
    <definitionCanonical value="http://cqframework.org/cpg-example-anc/PlanDefinition/anc-contact"/>
  </action>
  <action>
    <title value="Contact 3"/>
    <description value="ANC Contact 3: 26 weeks"/>
    <code>
      <coding>
        <system value="http://hl7.org/fhir/uv/cpg/CodeSystem/cpg-common-process-cs"/>
        <code value="guideline-based-care"/>
      </coding>
    </code>
    <condition>
      <kind value="applicability"/>
      <expression>
        <language value="text/cql"/>
        <expression value="26 weeks gestation"/>
      </expression>
    </condition>
    <participant>
      <type value="patient"/>
      <role>
        <coding>
          <system value="http://hl7.org/fhir/uv/cpg/CodeSystem/cpg-common-persona-cs"/>
          <code value="C000"/>
          <display value="Patient"/>
        </coding>
      </role>
    </participant>
    <participant>
      <type value="practitioner"/>
      <role>
        <coding>
          <system value="http://hl7.org/fhir/uv/cpg/CodeSystem/cpg-common-persona-cs"/>
          <code value="3222"/>
          <display value="Midwifery associate professional"/>
        </coding>
      </role>
    </participant>
    <participant>
      <type value="practitioner"/>
      <role>
        <coding>
          <system value="http://hl7.org/fhir/uv/cpg/CodeSystem/cpg-common-persona-cs"/>
          <code value="2222"/>
          <display value="Midwifery professional"/>
        </coding>
      </role>
    </participant>
    <definitionCanonical value="http://cqframework.org/cpg-example-anc/PlanDefinition/anc-contact"/>
  </action>
  <action>
    <title value="Contact 4"/>
    <description value="ANC Contact 4: 30 weeks"/>
    <code>
      <coding>
        <system value="http://hl7.org/fhir/uv/cpg/CodeSystem/cpg-common-process-cs"/>
        <code value="guideline-based-care"/>
      </coding>
    </code>
    <condition>
      <kind value="applicability"/>
      <expression>
        <language value="text/cql"/>
        <expression value="30 weeks gestation"/>
      </expression>
    </condition>
    <participant>
      <type value="patient"/>
      <role>
        <coding>
          <system value="http://hl7.org/fhir/uv/cpg/CodeSystem/cpg-common-persona-cs"/>
          <code value="C000"/>
          <display value="Patient"/>
        </coding>
      </role>
    </participant>
    <participant>
      <type value="practitioner"/>
      <role>
        <coding>
          <system value="http://hl7.org/fhir/uv/cpg/CodeSystem/cpg-common-persona-cs"/>
          <code value="3222"/>
          <display value="Midwifery associate professional"/>
        </coding>
      </role>
    </participant>
    <participant>
      <type value="practitioner"/>
      <role>
        <coding>
          <system value="http://hl7.org/fhir/uv/cpg/CodeSystem/cpg-common-persona-cs"/>
          <code value="2222"/>
          <display value="Midwifery professional"/>
        </coding>
      </role>
    </participant>
    <definitionCanonical value="http://cqframework.org/cpg-example-anc/PlanDefinition/anc-contact"/>
  </action>
  <action>
    <title value="Contact 5"/>
    <description value="ANC Contact 5: 34 weeks"/>
    <code>
      <coding>
        <system value="http://hl7.org/fhir/uv/cpg/CodeSystem/cpg-common-process-cs"/>
        <code value="guideline-based-care"/>
      </coding>
    </code>
    <condition>
      <kind value="applicability"/>
      <expression>
        <language value="text/cql"/>
        <expression value="34 weeks gestation"/>
      </expression>
    </condition>
    <participant>
      <type value="patient"/>
      <role>
        <coding>
          <system value="http://hl7.org/fhir/uv/cpg/CodeSystem/cpg-common-persona-cs"/>
          <code value="C000"/>
          <display value="Patient"/>
        </coding>
      </role>
    </participant>
    <participant>
      <type value="practitioner"/>
      <role>
        <coding>
          <system value="http://hl7.org/fhir/uv/cpg/CodeSystem/cpg-common-persona-cs"/>
          <code value="3222"/>
          <display value="Midwifery associate professional"/>
        </coding>
      </role>
    </participant>
    <participant>
      <type value="practitioner"/>
      <role>
        <coding>
          <system value="http://hl7.org/fhir/uv/cpg/CodeSystem/cpg-common-persona-cs"/>
          <code value="2222"/>
          <display value="Midwifery professional"/>
        </coding>
      </role>
    </participant>
    <definitionCanonical value="http://cqframework.org/cpg-example-anc/PlanDefinition/anc-contact"/>
  </action>
  <action>
    <title value="Contact 6"/>
    <description value="ANC Contact 6: 36 weeks"/>
    <code>
      <coding>
        <system value="http://hl7.org/fhir/uv/cpg/CodeSystem/cpg-common-process-cs"/>
        <code value="guideline-based-care"/>
      </coding>
    </code>
    <condition>
      <kind value="applicability"/>
      <expression>
        <language value="text/cql"/>
        <expression value="36 weeks gestation"/>
      </expression>
    </condition>
    <participant>
      <type value="patient"/>
      <role>
        <coding>
          <system value="http://hl7.org/fhir/uv/cpg/CodeSystem/cpg-common-persona-cs"/>
          <code value="C000"/>
          <display value="Patient"/>
        </coding>
      </role>
    </participant>
    <participant>
      <type value="practitioner"/>
      <role>
        <coding>
          <system value="http://hl7.org/fhir/uv/cpg/CodeSystem/cpg-common-persona-cs"/>
          <code value="3222"/>
          <display value="Midwifery associate professional"/>
        </coding>
      </role>
    </participant>
    <participant>
      <type value="practitioner"/>
      <role>
        <coding>
          <system value="http://hl7.org/fhir/uv/cpg/CodeSystem/cpg-common-persona-cs"/>
          <code value="2222"/>
          <display value="Midwifery professional"/>
        </coding>
      </role>
    </participant>
    <definitionCanonical value="http://cqframework.org/cpg-example-anc/PlanDefinition/anc-contact"/>
  </action>
  <action>
    <title value="Contact 7"/>
    <description value="ANC Contact 7: 38 weeks"/>
    <code>
      <coding>
        <system value="http://hl7.org/fhir/uv/cpg/CodeSystem/cpg-common-process-cs"/>
        <code value="guideline-based-care"/>
      </coding>
    </code>
    <condition>
      <kind value="applicability"/>
      <expression>
        <language value="text/cql"/>
        <expression value="38 weeks gestation"/>
      </expression>
    </condition>
    <participant>
      <type value="patient"/>
      <role>
        <coding>
          <system value="http://hl7.org/fhir/uv/cpg/CodeSystem/cpg-common-persona-cs"/>
          <code value="C000"/>
          <display value="Patient"/>
        </coding>
      </role>
    </participant>
    <participant>
      <type value="practitioner"/>
      <role>
        <coding>
          <system value="http://hl7.org/fhir/uv/cpg/CodeSystem/cpg-common-persona-cs"/>
          <code value="3222"/>
          <display value="Midwifery associate professional"/>
        </coding>
      </role>
    </participant>
    <participant>
      <type value="practitioner"/>
      <role>
        <coding>
          <system value="http://hl7.org/fhir/uv/cpg/CodeSystem/cpg-common-persona-cs"/>
          <code value="2222"/>
          <display value="Midwifery professional"/>
        </coding>
      </role>
    </participant>
    <definitionCanonical value="http://cqframework.org/cpg-example-anc/PlanDefinition/anc-contact"/>
  </action>
  <action>
    <title value="Contact 8"/>
    <description value="ANC Contact 8: 40 weeks"/>
    <code>
      <coding>
        <system value="http://hl7.org/fhir/uv/cpg/CodeSystem/cpg-common-process-cs"/>
        <code value="guideline-based-care"/>
      </coding>
    </code>
    <condition>
      <kind value="applicability"/>
      <expression>
        <language value="text/cql"/>
        <expression value="40 weeks gestation"/>
      </expression>
    </condition>
    <participant>
      <type value="patient"/>
      <role>
        <coding>
          <system value="http://hl7.org/fhir/uv/cpg/CodeSystem/cpg-common-persona-cs"/>
          <code value="C000"/>
          <display value="Patient"/>
        </coding>
      </role>
    </participant>
    <participant>
      <type value="practitioner"/>
      <role>
        <coding>
          <system value="http://hl7.org/fhir/uv/cpg/CodeSystem/cpg-common-persona-cs"/>
          <code value="3222"/>
          <display value="Midwifery associate professional"/>
        </coding>
      </role>
    </participant>
    <participant>
      <type value="practitioner"/>
      <role>
        <coding>
          <system value="http://hl7.org/fhir/uv/cpg/CodeSystem/cpg-common-persona-cs"/>
          <code value="2222"/>
          <display value="Midwifery professional"/>
        </coding>
      </role>
    </participant>
    <definitionCanonical value="http://cqframework.org/cpg-example-anc/PlanDefinition/anc-contact"/>
  </action>
  <action>
    <title value="Delivery"/>
    <description value="ANC Delivery: 41+ weeks"/>
  </action>
</PlanDefinition>