<?xml version="1.0" encoding="UTF-8"?>

<PlanDefinition xmlns="http://hl7.org/fhir">
  <id value="anc-contact"/>
  <text>
    <status value="generated"/><div xmlns="http://www.w3.org/1999/xhtml"><p class="res-header-id"><b>Generated Narrative: PlanDefinition anc-contact</b></p><a name="anc-contact"> </a><a name="hcanc-contact"> </a><a name="anc-contact-en-US"> </a><p><b>url</b>: <a href="PlanDefinition-anc-contact.html">PlanDefinition PlanDefinition - WHO ANC Guideline Contact</a></p><p><b>identifier</b>: ANCContact (use: official, )</p><p><b>version</b>: 1.0.0</p><p><b>name</b>: ANCContact</p><p><b>title</b>: PlanDefinition - WHO ANC Guideline Contact</p><p><b>type</b>: <span title="Codes:{http://terminology.hl7.org/CodeSystem/plan-definition-type workflow-definition}">Workflow Definition</span></p><p><b>status</b>: Active</p><p><b>experimental</b>: true</p><p><b>date</b>: 2024-11-14 21:29:13+0000</p><p><b>publisher</b>: HL7 International - Clinical Decision Support WG</p><p><b>contact</b>: HL7 International - Clinical Decision Support WG: <a href="http://www.hl7.org/Special/committees/dss/index.cfm">http://www.hl7.org/Special/committees/dss/index.cfm</a></p><p><b>description</b>: </p><div><p>Example of Plan Definition Strategy for an ANC Contact</p>
</div><h3>UseContexts</h3><table class="grid"><tr><td style="display: none">-</td><td><b>Code</b></td><td><b>Value[x]</b></td></tr><tr><td style="display: none">*</td><td><a href="http://terminology.hl7.org/6.0.2/CodeSystem-usage-context-type.html#usage-context-type-focus">UsageContextType focus</a>: Clinical Focus</td><td><span title="Codes:{http://snomed.info/sct 77386006}">Pregnancy (finding)</span></td></tr></table><p><b>jurisdiction</b>: <span title="Codes:{http://unstats.un.org/unsd/methods/m49/m49.htm 001}">World</span></p><p><b>copyright</b>: </p><div><p>© WHO 2019+.</p>
</div><blockquote><p><b>action</b></p><p><b>title</b>: Registration</p><p><b>code</b>: <span title="Codes:{http://hl7.org/fhir/uv/cpg/CodeSystem/cpg-common-process-cs registration}">Registration</span></p><p><b>definition</b>: <a href="https://build.fhir.org/ig/HL7/cqf-recommendations/PlanDefinition-cpg-common-registration.html">http://hl7.org/fhir/uv/cpg/PlanDefinition/cpg-common-registration</a></p></blockquote><blockquote><p><b>action</b></p><p><b>title</b>: Record health history</p><p><b>code</b>: <span title="Codes:{http://hl7.org/fhir/uv/cpg/CodeSystem/cpg-common-process-cs history-and-physical}">History and Physical</span></p><blockquote><p><b>action</b></p><p><b>title</b>: Record first contact information</p><blockquote><p><b>condition</b></p><p><b>kind</b>: Applicability</p><h3>Expressions</h3><table class="grid"><tr><td style="display: none">-</td><td><b>Language</b></td><td><b>Expression</b></td></tr><tr><td style="display: none">*</td><td>CQL</td><td>Is First Contact</td></tr></table></blockquote><p><b>definition</b>: <a href="Questionnaire-anc-first-contact.html">Questionnaire - ANC First Contact</a></p></blockquote><blockquote><p><b>action</b></p><p><b>title</b>: Record every contact information</p><p><b>definition</b>: <a href="Questionnaire-anc-every-contact.html">Questionnaire - ANC Every Contact</a></p></blockquote></blockquote><blockquote><p><b>action</b></p><p><b>title</b>: Assess danger signs</p><p><b>code</b>: <span title="Codes:{http://hl7.org/fhir/uv/cpg/CodeSystem/cpg-common-process-cs triage}">Triage</span></p><p><b>definition</b>: <a href="Questionnaire-anc-quick-check.html">Questionnaire - ANC Quick Check</a></p></blockquote><blockquote><p><b>action</b></p><p><b>title</b>: Assess current pregnancy conditions, including symptoms and lab tests</p><p><b>code</b>: <span title="Codes:{http://hl7.org/fhir/uv/cpg/CodeSystem/cpg-common-process-cs diagnostic-testing}">Conduct Diagnostic Tests</span></p></blockquote><blockquote><p><b>action</b></p><p><b>title</b>: Case management or referral</p><p><b>code</b>: <span title="Codes:{http://hl7.org/fhir/uv/cpg/CodeSystem/cpg-common-process-cs discharge-referral-of-patient}">Discharge/Referral of Patient</span></p></blockquote><blockquote><p><b>action</b></p><p><b>title</b>: Schedule follow-up visit</p><p><b>code</b>: <span title="Codes:{http://hl7.org/fhir/uv/cpg/CodeSystem/cpg-common-process-cs monitor-and-follow-up-of-patient}">Monitor and Follow-up of Patient</span></p></blockquote></div>
  </text>
  <url value="http://hl7.org/fhir/uv/cpg/antenatalcare/PlanDefinition/anc-contact"/>
  <identifier>
    <use value="official"/>
    <value value="ANCContact"/>
  </identifier>
  <version value="1.0.0"/>
  <name value="ANCContact"/>
  <title value="PlanDefinition - WHO ANC Guideline Contact"/>
  <type>
    <coding>
      <system value="http://terminology.hl7.org/CodeSystem/plan-definition-type"/>
      <code value="workflow-definition"/>
      <display value="Workflow Definition"/>
    </coding>
  </type>
  <status value="active"/>
  <experimental value="true"/>
  <date value="2024-11-14T21:29:13+00:00"/>
  <publisher value="HL7 International - Clinical Decision Support WG"/>
  <contact>
    <name value="HL7 International - Clinical Decision Support WG"/>
    <telecom>
      <system value="url"/>
      <value value="http://www.hl7.org/Special/committees/dss/index.cfm"/>
    </telecom>
  </contact>
  <description value="Example of Plan Definition Strategy for an ANC Contact"/>
  <useContext>
    <code>
      <system value="http://terminology.hl7.org/CodeSystem/usage-context-type"/>
      <code value="focus"/>
    </code>
    <valueCodeableConcept>
      <coding>
        <system value="http://snomed.info/sct"/>
        <code value="77386006"/>
        <display value="Pregnancy (finding)"/>
      </coding>
    </valueCodeableConcept>
  </useContext>
  <jurisdiction>
    <coding>
      <system value="http://unstats.un.org/unsd/methods/m49/m49.htm"/>
      <code value="001"/>
      <display value="World"/>
    </coding>
  </jurisdiction>
  <copyright value="© WHO 2019+."/>
  <action>
    <title value="Registration"/>
    <code>
      <coding>
        <system value="http://hl7.org/fhir/uv/cpg/CodeSystem/cpg-common-process-cs"/>
        <code value="registration"/>
      </coding>
    </code>
    <definitionCanonical value="http://hl7.org/fhir/uv/cpg/PlanDefinition/cpg-common-registration"/>
  </action>
  <action>
    <title value="Record health history"/>
    <code>
      <coding>
        <system value="http://hl7.org/fhir/uv/cpg/CodeSystem/cpg-common-process-cs"/>
        <code value="history-and-physical"/>
      </coding>
    </code>
    <action>
      <title value="Record first contact information"/>
      <condition>
        <kind value="applicability"/>
        <expression>
          <language value="text/cql"/>
          <expression value="Is First Contact"/>
        </expression>
      </condition>
      <definitionCanonical value="http://hl7.org/fhir/uv/cpg/antenatalcare/Questionnaire/anc-first-contact"/>
    </action>
    <action>
      <title value="Record every contact information"/>
      <definitionCanonical value="http://hl7.org/fhir/uv/cpg/antenatalcare/Questionnaire/anc-every-contact"/>
    </action>
  </action>
  <action>
    <title value="Assess danger signs"/>
    <code>
      <coding>
        <system value="http://hl7.org/fhir/uv/cpg/CodeSystem/cpg-common-process-cs"/>
        <code value="triage"/>
      </coding>
    </code>
    <definitionCanonical value="http://hl7.org/fhir/uv/cpg/antenatalcare/Questionnaire/anc-quick-check"/>
  </action>
  <action>
    <title value="Assess current pregnancy conditions, including symptoms and lab tests"/>
    <code>
      <coding>
        <system value="http://hl7.org/fhir/uv/cpg/CodeSystem/cpg-common-process-cs"/>
        <code value="diagnostic-testing"/>
      </coding>
    </code>
  </action>
  <action>
    <title value="Case management or referral"/>
    <code>
      <coding>
        <system value="http://hl7.org/fhir/uv/cpg/CodeSystem/cpg-common-process-cs"/>
        <code value="discharge-referral-of-patient"/>
      </coding>
    </code>
  </action>
  <action>
    <title value="Schedule follow-up visit"/>
    <code>
      <coding>
        <system value="http://hl7.org/fhir/uv/cpg/CodeSystem/cpg-common-process-cs"/>
        <code value="monitor-and-follow-up-of-patient"/>
      </coding>
    </code>
  </action>
</PlanDefinition>