<?xml version="1.0" encoding="UTF-8"?>

<PlanDefinition xmlns="http://hl7.org/fhir">
  <id value="anc-recommendation-a2"/>
  <text>
    <status value="generated"/><div xmlns="http://www.w3.org/1999/xhtml"><p class="res-header-id"><b>Generated Narrative: PlanDefinition anc-recommendation-a2</b></p><a name="anc-recommendation-a2"> </a><a name="hcanc-recommendation-a2"> </a><a name="anc-recommendation-a2-en-US"> </a><p><b>url</b>: <a href="PlanDefinition-anc-recommendation-a2.html">PlanDefinition PlanDefinition - WHO ANC Guideline Recommendation #A2</a></p><p><b>identifier</b>: Recommendation_A2 (use: official, )</p><p><b>version</b>: 1.0.0</p><p><b>name</b>: Recommendation_A2</p><p><b>title</b>: PlanDefinition - WHO ANC Guideline Recommendation #A2</p><p><b>type</b>: <span title="Codes:{http://terminology.hl7.org/CodeSystem/plan-definition-type eca-rule}">ECA Rule</span></p><p><b>status</b>: Active</p><p><b>experimental</b>: true</p><p><b>date</b>: 2024-11-14 19:16:54+0000</p><p><b>publisher</b>: HL7 International - Clinical Decision Support WG</p><p><b>contact</b>: HL7 International - Clinical Decision Support WG: <a href="http://www.hl7.org/Special/committees/dss/index.cfm">http://www.hl7.org/Special/committees/dss/index.cfm</a></p><p><b>description</b>: </p><div><p>Example of a Plan Definition for ANC Recommendation A2.1</p>
</div><p><b>jurisdiction</b>: <span title="Codes:{http://unstats.un.org/unsd/methods/m49/m49.htm 001}">World</span></p><p><b>copyright</b>: </p><div><p>© WHO 2019+.</p>
</div><p><b>library</b>: <a href="Library-ANCRecommendationA2.html">WHO Antenatal Care Guidelines Logic for recommendation #A2</a></p><blockquote><p><b>action</b></p><p><b>title</b>: Iron and Folic Acid Supplementation</p><p><b>textEquivalent</b>: Daily elemental iron should be increased to 120 mg until her Hb concentration rises to normal</p><h3>Triggers</h3><table class="grid"><tr><td style="display: none">-</td><td><b>Type</b></td><td><b>Name</b></td></tr><tr><td style="display: none">*</td><td>Named Event</td><td>anc-contact</td></tr></table><blockquote><p><b>condition</b></p><p><b>kind</b>: Applicability</p><h3>Expressions</h3><table class="grid"><tr><td style="display: none">-</td><td><b>Language</b></td><td><b>Expression</b></td></tr><tr><td style="display: none">*</td><td>CQL</td><td>Has Anemia</td></tr></table></blockquote></blockquote></div>
  </text>
  <url value="http://hl7.org/fhir/uv/cpg/antenatalcare/PlanDefinition/anc-recommendation-a2"/>
  <identifier>
    <use value="official"/>
    <value value="Recommendation_A2"/>
  </identifier>
  <version value="1.0.0"/>
  <name value="Recommendation_A2"/>
  <title value="PlanDefinition - WHO ANC Guideline Recommendation #A2"/>
  <type>
    <coding>
      <system value="http://terminology.hl7.org/CodeSystem/plan-definition-type"/>
      <code value="eca-rule"/>
      <display value="ECA Rule"/>
    </coding>
  </type>
  <status value="active"/>
  <experimental value="true"/>
  <date value="2024-11-14T19:16:54+00:00"/>
  <publisher value="HL7 International - Clinical Decision Support WG"/>
  <contact>
    <name value="HL7 International - Clinical Decision Support WG"/>
    <telecom>
      <system value="url"/>
      <value value="http://www.hl7.org/Special/committees/dss/index.cfm"/>
    </telecom>
  </contact>
  <description value="Example of a Plan Definition for ANC Recommendation A2.1"/>
  <jurisdiction>
    <coding>
      <system value="http://unstats.un.org/unsd/methods/m49/m49.htm"/>
      <code value="001"/>
      <display value="World"/>
    </coding>
  </jurisdiction>
  <copyright value="© WHO 2019+."/>
  <library value="http://hl7.org/fhir/uv/cpg/antenatalcare/Library/ANCRecommendationA2"/>
  <action>
    <title value="Iron and Folic Acid Supplementation"/>
    <textEquivalent value="Daily elemental iron should be increased to 120 mg until her Hb concentration rises to normal"/>
    <trigger>
      <type value="named-event"/>
      <name value="anc-contact"/>
    </trigger>
    <condition>
      <kind value="applicability"/>
      <expression>
        <language value="text/cql"/>
        <expression value="Has Anemia"/>
      </expression>
    </condition>
  </action>
</PlanDefinition>