{"resourceType":"GraphDefinition","id":"anc-summary","url":"http://hl7.org/fhir/uv/cpg/antenatalcare/GraphDefinition/anc-summary","version":"1.0.0","name":"ANCSummary","status":"active","experimental":true,"date":"2024-11-14T19:16:54+00:00","publisher":"HL7 International - Clinical Decision Support WG","contact":[{"name":"HL7 International - Clinical Decision Support WG","telecom":[{"system":"url","value":"http://www.hl7.org/Special/committees/dss/index.cfm"}]}],"description":"Example of a Graph Definition based on ANC guidleines","jurisdiction":[{"coding":[{"system":"http://unstats.un.org/unsd/methods/m49/m49.htm","code":"001","display":"World"}]}]}