{"resourceType":"PlanDefinition","id":"anc-recommendation-a2","url":"http://hl7.org/fhir/uv/cpg/antenatalcare/PlanDefinition/anc-recommendation-a2","identifier":[{"use":"official","value":"Recommendation_A2"}],"version":"1.0.0","name":"Recommendation_A2","title":"PlanDefinition - WHO ANC Guideline Recommendation #A2","type":{"coding":[{"system":"http://terminology.hl7.org/CodeSystem/plan-definition-type","code":"eca-rule","display":"ECA Rule"}]},"status":"active","experimental":true,"date":"2024-11-14T21:29:13+00:00","publisher":"HL7 International - Clinical Decision Support WG","contact":[{"name":"HL7 International - Clinical Decision Support WG","telecom":[{"system":"url","value":"http://www.hl7.org/Special/committees/dss/index.cfm"}]}],"description":"Example of a Plan Definition for ANC Recommendation A2.1","jurisdiction":[{"coding":[{"system":"http://unstats.un.org/unsd/methods/m49/m49.htm","code":"001","display":"World"}]}],"copyright":"© WHO 2019+.","library":["http://hl7.org/fhir/uv/cpg/antenatalcare/Library/ANCRecommendationA2"],"action":[{"title":"Iron and Folic Acid Supplementation","textEquivalent":"Daily elemental iron should be increased to 120 mg until her Hb concentration rises to normal","trigger":[{"type":"named-event","name":"anc-contact"}],"condition":[{"kind":"applicability","expression":{"language":"text/cql","expression":"Has Anemia"}}]}]}