{"resourceType":"PlanDefinition","id":"anc-contact","url":"http://github.com/cqframework/cpg-example-anc/PlanDefinition/anc-contact","identifier":[{"use":"official","value":"ANCContact"}],"version":"1.0.0","name":"ANCContact","title":"PlanDefinition - WHO ANC Guideline Contact","type":{"coding":[{"system":"http://terminology.hl7.org/CodeSystem/plan-definition-type","code":"workflow-definition","display":"Workflow Definition"}]},"status":"active","experimental":true,"date":"2024-11-14T21:47:49+00:00","publisher":"HL7 International - Clinical Decision Support WG","contact":[{"name":"HL7 International - Clinical Decision Support WG","telecom":[{"system":"url","value":"http://www.hl7.org/Special/committees/dss/index.cfm"}]}],"description":"Example of Plan Definition Strategy for an ANC Contact","useContext":[{"code":{"system":"http://terminology.hl7.org/CodeSystem/usage-context-type","code":"focus"},"valueCodeableConcept":{"coding":[{"system":"http://snomed.info/sct","code":"77386006","display":"Pregnancy (finding)"}]}}],"jurisdiction":[{"coding":[{"system":"http://unstats.un.org/unsd/methods/m49/m49.htm","code":"001","display":"World"}]}],"copyright":"© WHO 2019+.","action":[{"title":"Registration","code":[{"coding":[{"system":"http://hl7.org/fhir/uv/cpg/CodeSystem/cpg-common-process-cs","code":"registration"}]}],"definitionCanonical":"http://hl7.org/fhir/uv/cpg/PlanDefinition/cpg-common-registration"},{"title":"Record health history","code":[{"coding":[{"system":"http://hl7.org/fhir/uv/cpg/CodeSystem/cpg-common-process-cs","code":"history-and-physical"}]}],"action":[{"title":"Record first contact information","condition":[{"kind":"applicability","expression":{"language":"text/cql","expression":"Is First Contact"}}],"definitionCanonical":"http://github.com/cqframework/cpg-example-anc/Questionnaire/anc-first-contact"},{"title":"Record every contact information","definitionCanonical":"http://github.com/cqframework/cpg-example-anc/Questionnaire/anc-every-contact"}]},{"title":"Assess danger signs","code":[{"coding":[{"system":"http://hl7.org/fhir/uv/cpg/CodeSystem/cpg-common-process-cs","code":"triage"}]}],"definitionCanonical":"http://github.com/cqframework/cpg-example-anc/Questionnaire/anc-quick-check"},{"title":"Assess current pregnancy conditions, including symptoms and lab tests","code":[{"coding":[{"system":"http://hl7.org/fhir/uv/cpg/CodeSystem/cpg-common-process-cs","code":"diagnostic-testing"}]}]},{"title":"Case management or referral","code":[{"coding":[{"system":"http://hl7.org/fhir/uv/cpg/CodeSystem/cpg-common-process-cs","code":"discharge-referral-of-patient"}]}]},{"title":"Schedule follow-up visit","code":[{"coding":[{"system":"http://hl7.org/fhir/uv/cpg/CodeSystem/cpg-common-process-cs","code":"monitor-and-follow-up-of-patient"}]}]}]}