{"resourceType":"ValueSet","id":"anc-reason-for-visit-vs","meta":{"profile":["http://hl7.org/fhir/uv/cpg/StructureDefinition/cpg-publishablevalueset"]},"text":{"status":"generated","div":"<div xmlns=\"http://www.w3.org/1999/xhtml\"><p class=\"res-header-id\"><b>Generated Narrative: ValueSet anc-reason-for-visit-vs</b></p><a name=\"anc-reason-for-visit-vs\"> </a><a name=\"hcanc-reason-for-visit-vs\"> </a><a name=\"anc-reason-for-visit-vs-en-US\"> </a><ul><li>Include all codes defined in <a href=\"CodeSystem-anc-reason-for-visit-cs.html\"><code>https://cqframework.org/cpg-example-anc/CodeSystem/anc-reason-for-visit-cs</code></a></li></ul></div>"},"extension":[{"url":"http://hl7.org/fhir/uv/cpg/StructureDefinition/cpg-knowledgeCapability","valueCode":"shareable"},{"url":"http://hl7.org/fhir/uv/cpg/StructureDefinition/cpg-knowledgeCapability","valueCode":"computable"},{"url":"http://hl7.org/fhir/uv/cpg/StructureDefinition/cpg-knowledgeCapability","valueCode":"publishable"},{"url":"http://hl7.org/fhir/uv/cpg/StructureDefinition/cpg-knowledgeRepresentationLevel","valueCode":"structured"}],"url":"https://cqframework.org/cpg-example-anc/ValueSet/anc-reason-for-visit-vs","version":"1.0.0","name":"ANCReasonForVisitVS","title":"ValueSet - ANC Reason for Visit","status":"active","experimental":false,"date":"2024-11-18T16:22:18+00:00","publisher":"HL7 International - Clinical Decision Support WG","contact":[{"name":"HL7 International - Clinical Decision Support WG","telecom":[{"system":"url","value":"http://www.hl7.org/Special/committees/dss/index.cfm"}]}],"description":"Codes that identify the reason for an antenatal care visit","jurisdiction":[{"coding":[{"system":"http://unstats.un.org/unsd/methods/m49/m49.htm","code":"001","display":"World"}]}],"compose":{"include":[{"system":"https://cqframework.org/cpg-example-anc/CodeSystem/anc-reason-for-visit-cs"}]}}